name,population
Florida,22416077
32003,29766
32008,5840
32009,4045
32011,15421
32013,216
32024,20670
32025,22948
32026,3311
32033,4556
32034,41029
32038,10007
32040,8978
32043,34562
32044,2594
32046,10593
32052,7441
32053,4000
32054,12581
32055,17559
32058,4655
32059,3052
32060,22467
32061,101
32062,2942
32063,14611
32064,7758
32065,41578
32066,6892
32068,58983
32071,4186
32072,43
32073,43561
32079,419
32080,20894
32081,29784
32082,29289
32083,2561
32084,37291
32086,34855
32087,4608
32091,14719
32092,53071
32094,3464
32095,21399
32096,3663
32097,26700
32102,2371
32110,10018
32112,8214
32113,5954
32114,37747
32117,30955
32118,18383
32119,22348
32124,11409
32127,29612
32128,22244
32129,23195
32130,5620
32131,5078
32132,7868
32133,483
32134,7442
32136,8363
32137,48391
32139,981
32140,1479
32141,18726
32145,5759
32147,1353
32148,12063
32157,639
32159,32107
32162,55424
32163,28549
32164,56658
32168,31847
32169,10192
32174,54783
32176,14841
32177,25645
32179,9318
32180,4444
32181,2377
32182,30
32187,1191
32189,5593
32190,1488
32192,35
32193,1236
32195,3091
32202,6023
32203,0
32204,9151
32205,29148
32206,17105
32207,36998
32208,32699
32209,34657
32210,65729
32211,36762
32212,1939
32214,0
32216,42298
32217,20221
32218,72905
32219,14302
32220,12298
32221,32833
32222,18258
32223,26160
32224,42092
32225,55905
32226,21256
32227,3207
32228,222
32233,24633
32234,9678
32244,63592
32246,62562
32250,29072
32254,13927
32256,58192
32257,42904
32258,40408
32259,75016
32266,7168
32277,36338
32301,32017
32303,49785
32304,51673
32305,19384
32306,1770
32307,1300
32308,24406
32309,33544
32310,14888
32311,21905
32312,32216
32313,0
32317,14654
32320,3792
32321,5531
32322,3678
32323,90
32324,4783
32327,31445
32328,4409
32330,1045
32331,4585
32332,1293
32333,11449
32334,2012
32336,1414
32337,81
32340,10302
32343,3640
32344,13113
32346,2356
32347,7530
32348,12201
32350,1295
32351,16398
32352,5102
32355,243
32356,113
32358,1927
32359,1408
32360,144
32361,241
32399,0
32401,18947
32403,447
32404,42514
32405,29984
32407,16404
32408,18832
32409,11113
32410,550
32413,15453
32420,2159
32421,4035
32423,901
32424,7586
32425,13942
32426,720
32427,1030
32428,17950
32430,815
32431,4683
32432,45
32433,19746
32435,6664
32437,424
32438,4815
32439,15328
32440,8253
32442,3417
32443,2879
32444,21459
32445,2450
32446,10910
32448,8549
32449,769
32455,4370
32456,7510
32459,23522
32460,5472
32461,3757
32462,3920
32463,128
32464,3282
32465,8069
32466,5916
32501,11036
32502,4231
32503,33559
32504,22153
32505,27877
32506,34549
32507,32226
32508,5281
32509,336
32511,1272
32512,0
32514,42447
32526,44680
32530,275
32531,7314
32533,31860
32534,17104
32535,5649
32536,25599
32539,33290
32541,18855
32542,3578
32544,2256
32547,35527
32548,23774
32550,8486
32561,9321
32563,30364
32564,2676
32565,5664
32566,43883
32567,5609
32568,3324
32569,12063
32570,37197
32571,42171
32577,5678
32578,34738
32579,10506
32580,4194
32583,31828
32601,23180
32603,7419
32605,24689
32606,23022
32607,35720
32608,54566
32609,19752
32610,12
32612,9157
32615,16771
32616,123
32617,4504
32618,7057
32619,5074
32621,6368
32622,1313
32625,1322
32626,8709
32628,5090
32631,343
32634,18
32639,63
32640,10623
32641,13963
32643,11953
32648,510
32653,15150
32656,15836
32658,347
32664,367
32666,6662
32667,3944
32668,5149
32669,17704
32680,10582
32681,286
32683,184
32686,4882
32692,64
32693,12806
32694,2286
32696,15521
32697,189
32701,24592
32702,2636
32703,59269
32707,39493
32708,48965
32709,1696
32712,50583
32713,22884
32714,37905
32720,36259
32723,0
32724,45140
32725,51987
32726,24715
32730,6091
32732,5275
32735,5304
32736,12688
32738,49368
32744,3634
32746,46684
32750,26164
32751,22103
32754,12011
32757,34121
32759,3216
32763,24951
32764,2789
32765,64477
32766,16221
32767,3408
32768,0
32771,62606
32773,34032
32775,0
32776,13163
32778,25042
32779,28924
32780,40064
32784,10019
32789,27788
32792,52976
32796,20222
32798,2782
32801,17046
32803,22152
32804,21720
32805,19294
32806,26096
32807,34456
32808,60203
32809,29237
32810,36927
32811,41475
32812,34686
32814,9286
32816,12624
32817,37014
32818,59114
32819,30213
32820,10897
32821,26161
32822,67081
32824,58368
32825,63698
32826,29006
32827,19711
32828,69202
32829,20819
32830,197
32831,2527
32832,40196
32833,11389
32835,49205
32836,26106
32837,53671
32839,53242
32899,0
32901,28923
32903,13836
32904,37241
32905,24792
32907,49080
32908,16535
32909,41804
32920,10005
32922,14700
32925,1644
32926,23505
32927,29219
32931,14174
32934,18564
32935,41965
32937,27836
32940,51727
32948,7112
32949,3636
32950,4132
32951,11299
32952,21613
32953,24759
32955,41008
32958,30023
32959,13
32960,25259
32962,25522
32963,15008
32966,20686
32967,27240
32968,15912
32970,174
32976,9156
33001,250
33004,17094
33009,44502
33010,41701
33012,71017
33013,30695
33014,41598
33015,68891
33016,45551
33018,57921
33019,14293
33020,46322
33021,48464
33022,0
33023,72344
33024,76585
33025,76967
33026,31172
33027,65116
33028,28397
33029,44070
33030,37678
33031,7323
33032,65132
33033,71458
33034,23823
33035,17202
33036,3777
33037,14770
33039,0
33040,35429
33042,6441
33043,4298
33050,10561
33051,511
33054,31055
33055,37659
33056,37890
33060,37233
33062,24920
33063,55466
33064,64563
33065,58916
33066,16719
33067,27188
33068,54439
33069,29145
33070,5768
33071,42255
33073,33838
33076,44922
33101,0
33109,1083
33122,1687
33125,56897
33126,47307
33127,26786
33128,9475
33129,14702
33130,34964
33131,23095
33132,20253
33133,36789
33134,38174
33135,36143
33136,16545
33137,29414
33138,28980
33139,33753
33140,20342
33141,36438
33142,58908
33143,33711
33144,25909
33145,29761
33146,19052
33147,50419
33149,14791
33150,30974
33154,14572
33155,43983
33156,33628
33157,70596
33158,5960
33160,43718
33161,54814
33162,46606
33165,48817
33166,28265
33167,23768
33168,23775
33169,43702
33170,16652
33172,39101
33173,31778
33174,35177
33175,48237
33176,51804
33177,59056
33178,67789
33179,51591
33180,34147
33181,20848
33182,12512
33183,33527
33184,19859
33185,28555
33186,69757
33187,18174
33189,26128
33190,18287
33193,47494
33194,8069
33196,54668
33301,19503
33304,18332
33305,13243
33306,2978
33308,27935
33309,37475
33311,74898
33312,52798
33313,62807
33314,31067
33315,13645
33316,12437
33317,37950
33319,54450
33321,51216
33322,41128
33323,23589
33324,50151
33325,32399
33326,33880
33327,23203
33328,28851
33330,13699
33331,24897
33332,10920
33334,30935
33351,36364
33388,0
33401,33698
33403,14370
33404,30912
33405,19780
33406,26945
33407,34851
33408,18817
33409,33489
33410,36759
33411,76863
33412,15859
33413,18668
33414,60184
33415,54581
33417,38079
33418,43676
33426,24255
33428,47588
33430,19796
33431,24608
33432,21834
33433,47005
33434,21686
33435,37833
33436,48743
33437,37229
33438,257
33440,20855
33441,30153
33442,31296
33444,22737
33445,33122
33446,28431
33449,8766
33455,20018
33458,55512
33460,37795
33461,49443
33462,33371
33463,65478
33467,58411
33469,14686
33470,35610
33471,7086
33472,18885
33473,11825
33476,7413
33477,12908
33478,14731
33480,10924
33483,12669
33484,26208
33486,23232
33487,20717
33493,5158
33496,26579
33498,16853
33503,891
33510,30578
33511,62138
33513,14289
33514,2366
33521,634
33523,19435
33525,21077
33527,17364
33530,20
33534,17740
33538,6132
33540,11390
33541,24654
33542,23612
33543,40648
33544,29901
33545,30222
33547,31431
33548,8967
33549,18178
33550,0
33556,35755
33558,33165
33559,18831
33563,25896
33565,18108
33566,24521
33567,12562
33569,27867
33570,33319
33572,26495
33573,35362
33574,1822
33576,6273
33578,60651
33579,49470
33584,28579
33585,1763
33592,12333
33594,37361
33596,27757
33597,10864
33598,32820
33602,21452
33603,19869
33604,40055
33605,16030
33606,24570
33607,25291
33609,18535
33610,46587
33611,36810
33612,49005
33613,37591
33614,47298
33615,47245
33616,15830
33617,47851
33618,27771
33619,41396
33620,7298
33621,2393
33624,41346
33625,29967
33626,30575
33629,27710
33634,21862
33635,19134
33637,17658
33647,74844
33701,18823
33702,31294
33703,25264
33704,16232
33705,27939
33706,15298
33707,24324
33708,15060
33709,25050
33710,33796
33711,20013
33712,27142
33713,31729
33714,19227
33715,8032
33716,19328
33744,59
33755,27476
33756,32201
33759,17557
33760,20501
33761,18290
33762,5063
33763,21146
33764,27311
33765,13808
33767,8081
33770,25368
33771,27596
33772,23733
33773,16741
33774,19799
33776,12556
33777,18582
33778,16807
33781,28072
33782,22461
33785,4907
33786,1582
33801,35394
33803,29321
33805,28751
33809,30797
33810,55137
33811,29472
33812,16169
33813,38674
33815,13975
33823,41779
33825,25501
33827,2431
33830,33740
33834,6188
33835,115
33837,47389
33838,5688
33839,4561
33840,0
33841,8005
33843,11220
33844,51255
33847,442
33848,638
33849,851
33850,9757
33851,1212
33852,22600
33853,12674
33854,781
33855,15
33856,394
33857,756
33858,653
33859,11824
33860,24892
33865,488
33867,43
33868,13827
33870,25195
33872,13746
33873,13935
33875,11856
33876,6816
33877,159
33880,43371
33881,40808
33884,37561
33890,5197
33896,26731
33897,30159
33898,18527
33901,24481
33903,23655
33904,33599
33905,41381
33907,25033
33908,37423
33909,40231
33912,19533
33913,31538
33914,45540
33916,27943
33917,33380
33919,30412
33920,9062
33921,391
33922,4226
33924,109
33928,31926
33930,1540
33931,8350
33935,23186
33936,27967
33944,208
33946,3090
33947,10447
33948,18696
33950,24955
33952,35231
33953,8318
33954,11193
33955,12399
33956,3405
33957,6418
33960,681
33965,4836
33966,12513
33967,28341
33971,30790
33972,17285
33973,14392
33974,19927
33976,20277
33980,13120
33981,15622
33982,13006
33983,18471
33990,34713
33991,27725
33993,35580
34101,0
34102,11179
34103,11299
34104,26408
34105,15441
34108,16237
34109,27273
34110,25630
34112,27193
34113,26056
34114,23559
34116,35591
34117,19923
34119,36807
34120,42345
34134,16475
34135,48252
34137,68
34138,808
34139,243
34140,104
34141,169
34142,35149
34145,16205
34201,3733
34202,27197
34203,40618
34205,31946
34207,34081
34208,44004
34209,33224
34210,17682
34211,24980
34212,25536
34215,707
34216,874
34217,3676
34219,33296
34221,56208
34222,14819
34223,19884
34224,15536
34228,7539
34229,7495
34231,32404
34232,34013
34233,19123
34234,22986
34235,15146
34236,14446
34237,17367
34238,23821
34239,14635
34240,18774
34241,16408
34242,7529
34243,32773
34250,617
34251,5956
34266,29863
34267,44
34268,466
34269,5013
34275,22436
34285,18677
34286,22534
34287,25929
34288,18231
34289,4441
34291,8630
34292,17586
34293,50278
34420,19465
34428,10163
34429,8727
34431,9785
34432,13587
34433,8411
34434,11074
34436,8205
34442,17281
34445,42
34446,19102
34448,10817
34449,3565
34450,11532
34452,13734
34453,10621
34461,13377
34465,18879
34470,22443
34471,28342
34472,35851
34473,26813
34474,20258
34475,14301
34476,28997
34479,13264
34480,23517
34481,26782
34482,22807
34484,5050
34487,0
34488,11447
34491,33318
34498,675
34601,24115
34602,11088
34604,13642
34606,28668
34607,9496
34608,36658
34609,47257
34610,16995
34613,19337
34614,10935
34637,13049
34638,37644
34639,30831
34652,27444
34653,35945
34654,24355
34655,49964
34661,386
34667,30689
34668,49442
34669,14618
34677,22762
34679,141
34681,1284
34683,33911
34684,27029
34685,18132
34688,8522
34689,27324
34690,12498
34691,21232
34695,18098
34698,38171
34705,3014
34711,70317
34714,28200
34715,26810
34729,0
34731,12196
34734,3940
34736,28001
34737,4199
34739,1176
34741,58716
34743,40030
34744,66582
34746,60595
34747,30859
34748,48095
34753,7985
34756,4876
34758,46768
34759,44568
34760,740
34761,47327
34762,1226
34769,30204
34771,35257
34772,35390
34773,5816
34785,21568
34786,42358
34787,101441
34788,22137
34797,1163
34945,6321
34946,6852
34947,12804
34949,7470
34950,17461
34951,17148
34952,42655
34953,86875
34956,9630
34957,23462
34972,20066
34974,23975
34981,5031
34982,31143
34983,49001
34984,20151
34986,30715
34987,21727
34990,30592
34994,18737
34996,10653
34997,47075