"Table 5.1  Age-Adjusted Incidence Rates (1) by County, Florida, 2023",,,,,,,,,,,,,,,,,,,,,,,,,,,,,,,,,,,,,,,,,,,,,,,,,,,,,,,,,,,,,,,,,,,,,,
,All Cancers,,,,,,,Lung & Bronchus,,,,,,,Prostate,,,,,,,Breast,,,,,,Colorectal,,,,,,,,Bladder,,,,,Head & Neck,,,,,,,Non-Hodgkin,,,,,Melanoma,,,,,,,Ovary,,,,,Cervix,,,,,
,Rate,CI,,,,,,Rate,,CI,,,,,Rate,CI,,,,,,Rate,,,CI,,,Rate,,,CI,,,,,Rate,CI,,,,Rate,,,CI,,,,Rate,,CI,,,Rate,,CI,,,,,Rate,CI,,,,Rate,,CI,,,
Florida,474.4,472.0,,476.9,,,,50.6,,49.9,,,51.4,,110.2,108.6,,,111.8,,,130.3,,,128.5,132.2,,37.2,,,36.5,,37.9,,,17.8,17.3,18.2,,,18.1,,,17.7,,18.6,,21.9,,21.4,22.5,,33.2,,32.5,,,33.9,,11.0,10.5,,11.6,,10.2,,9.6,,10.8,
Alachua,461.6,437.6,,486.7,,,,47.9,,40.7,,,56.2,,127.3,110.1,,,146.9,,,131.1,,,113.2,151.5,,32.5,,,26.4,,39.8,,,17.1,12.9,22.5,,,18.1,,,13.6,,23.8,,17.4,,13.0,23.0,,38.1,,30.5,,,47.6,,7.0,3.5,,13.2,,8.6,,4.3,,15.8,
Baker,612.5,528.1,,708.0,,,,95.3,,64.6,,,137.6,,74.2,37.5,,,137.8,,,150.5,,,94.7,231.2,,32.2,,,15.9,,60.9,,,^,^,^,,,29.7,,,14.1,,57.8,,^,,^,^,,55.9,,31.6,,,94.8,,^,^,,^,,^,,^,,^,
Bay,491.3,463.3,,520.8,,,,57.3,,48.5,,,67.6,,105.3,88.0,,,125.7,,,137.6,,,116.9,161.6,,44.3,,,36.3,,53.9,,,18.6,13.6,25.3,,,17.1,,,12.3,,23.5,,16.1,,11.2,22.8,,37.0,,28.8,,,47.3,,17.7,10.8,,28.3,,12.8,,6.6,,23.0,
Bradford,478.2,408.6,,559.0,,,,58.1,,36.6,,,91.9,,116.5,72.3,,,185.1,,,110.4,,,63.6,186.9,,32.7,,,16.6,,62.0,,,^,^,^,,,^,,,^,,^,,^,,^,^,,^,,^,,,^,,^,^,,^,,^,,^,,^,
Brevard,480.2,465.9,,495.0,,,,49.7,,45.7,,,54.2,,93.4,85.4,,,102.3,,,125.2,,,114.5,136.9,,35.7,,,31.7,,40.2,,,18.8,16.3,21.7,,,21.3,,,18.4,,24.7,,25.2,,22.0,28.9,,54.9,,49.6,,,60.9,,11.1,8.1,,15.2,,10.6,,7.1,,15.4,
Broward,427.2,419.1,,435.4,,,,41.1,,38.8,,,43.6,,96.5,91.3,,,102.1,,,127.0,,,120.7,133.5,,38.2,,,35.8,,40.8,,,15.2,13.7,16.8,,,15.2,,,13.7,,16.8,,18.9,,17.3,20.8,,22.4,,20.2,,,24.9,,11.0,9.2,,13.0,,9.3,,7.5,,11.3,
Calhoun,386.5,299.8,,496.3,,,,54.4,,27.0,,,107.4,,^,^,,,^,,,^,,,^,^,,74.7,,,37.7,,139.0,,,^,^,^,,,^,,,^,,^,,^,,^,^,,^,,^,,,^,,^,^,,^,,^,,^,,^,
Charlotte,527.6,501.2,,556.1,,,,50.3,,44.2,,,58.6,,88.8,77.4,,,104.4,,,119.5,,,100.5,143.4,,45.7,,,37.5,,56.3,,,21.6,17.4,28.3,,,19.3,,,14.5,,26.6,,30.5,,24.2,39.1,,45.7,,38.0,,,56.1,,13.3,8.6,,23.9,,13.1,,5.6,,27.7,
Citrus,589.3,558.1,,622.7,,,,73.9,,64.3,,,85.7,,116.3,101.2,,,135.6,,,146.5,,,123.6,174.4,,35.4,,,27.7,,45.6,,,23.5,19.0,30.4,,,24.3,,,18.6,,32.5,,25.6,,19.8,33.8,,35.4,,28.1,,,45.6,,14.9,7.2,,29.4,,21.6,,11.0,,39.3,
Clay,514.2,487.7,,541.9,,,,66.7,,57.7,,,76.9,,73.0,59.7,,,89.1,,,147.6,,,128.2,169.7,,37.2,,,30.2,,45.7,,,21.6,16.6,28.0,,,16.6,,,12.5,,22.1,,23.9,,18.5,30.8,,34.9,,27.5,,,44.2,,11.2,6.1,,19.5,,9.0,,4.2,,17.2,
Collier,433.2,416.3,,450.9,,,,31.6,,28.1,,,35.9,,113.4,103.1,,,125.1,,,119.2,,,105.9,134.2,,31.9,,,27.0,,37.6,,,16.5,13.9,19.8,,,14.7,,,11.8,,18.5,,22.4,,18.7,27.0,,44.8,,39.3,,,51.3,,8.3,5.0,,13.8,,10.0,,5.6,,16.9,
Columbia,496.8,452.2,,545.4,,,,64.7,,50.0,,,83.5,,97.9,73.2,,,130.4,,,135.6,,,103.0,177.4,,38.6,,,26.6,,54.9,,,21.0,13.4,32.9,,,32.2,,,22.0,,46.8,,21.4,,12.5,35.0,,31.2,,19.4,,,49.0,,^,^,,^,,^,,^,,^,
Desoto,394.4,340.9,,456.9,,,,78.3,,56.8,,,109.3,,100.1,68.0,,,151.8,,,105.6,,,64.2,171.0,,44.3,,,27.0,,72.3,,,^,^,^,,,25.0,,,12.9,,48.2,,^,,^,^,,^,,^,,,^,,^,^,,^,,^,,^,,^,
Dixie,433.1,356.5,,527.7,,,,86.0,,55.3,,,136.6,,96.8,56.3,,,176.9,,,105.4,,,49.2,214.7,,36.3,,,17.0,,78.1,,,^,^,^,,,^,,,^,,^,,^,,^,^,,^,,^,,,^,,^,^,,^,,^,,^,,^,
Duval,511.1,498.3,,524.3,,,,63.5,,59.1,,,68.2,,92.5,84.7,,,100.9,,,147.9,,,138.4,158.0,,41.0,,,37.3,,44.9,,,17.4,15.1,19.9,,,20.6,,,18.1,,23.4,,21.8,,19.2,24.7,,44.8,,40.1,,,50.0,,13.2,10.5,,16.5,,11.2,,8.5,,14.5,
Escambia,604.1,580.3,,628.9,,,,73.1,,65.4,,,81.8,,158.3,141.6,,,177.0,,,136.7,,,120.6,154.7,,44.8,,,38.4,,52.2,,,23.6,19.2,28.9,,,22.7,,,18.3,,28.2,,32.1,,26.6,38.6,,71.6,,62.4,,,82.2,,8.9,5.4,,14.6,,17.4,,11.3,,25.9,
Flagler,568.4,535.8,,603.5,,,,61.0,,51.5,,,73.3,,126.3,108.4,,,149.3,,,118.6,,,96.9,146.3,,34.2,,,26.6,,44.8,,,23.8,18.2,32.5,,,21.2,,,15.9,,29.6,,30.3,,23.0,40.6,,52.4,,42.7,,,65.9,,8.3,3.7,,21.0,,^,,^,,^,
Franklin,346.2,269.0,,452.4,,,,^,,^,,,^,,105.9,54.3,,,222.7,,,146.9,,,74.8,297.2,,^,,,^,,^,,,^,^,^,,,^,,,^,,^,,^,,^,^,,^,,^,,,^,,^,^,,^,,^,,^,,^,
Gadsden,563.7,504.2,,630.2,,,,56.6,,40.0,,,80.6,,192.0,146.1,,,253.0,,,141.7,,,103.1,194.4,,52.0,,,34.5,,77.4,,,18.0,8.8,35.8,,,21.5,,,11.0,,40.5,,25.3,,13.5,45.6,,^,,^,,,^,,^,^,,^,,^,,^,,^,
Gilchrist,472.3,393.2,,567.0,,,,66.5,,40.9,,,109.2,,111.1,63.7,,,193.3,,,110.0,,,57.6,202.3,,^,,,^,,^,,,^,^,^,,,^,,,^,,^,,^,,^,^,,^,,^,,,^,,^,^,,^,,^,,^,,^,
Glades,397.5,311.3,,521.3,,,,38.2,,18.2,,,109.8,,^,^,,,^,,,^,,,^,^,,^,,,^,,^,,,^,^,^,,,^,,,^,,^,,^,,^,^,,88.2,,51.5,,,204.7,,^,^,,^,,^,,^,,^,
Gulf,477.5,393.0,,583.1,,,,68.5,,41.9,,,119.3,,^,^,,,^,,,186.1,,,107.7,320.7,,^,,,^,,^,,,^,^,^,,,^,,,^,,^,,^,,^,^,,^,,^,,,^,,^,^,,^,,^,,^,,^,
Hamilton,479.1,381.6,,600.7,,,,88.3,,52.4,,,150.3,,112.2,57.7,,,221.2,,,^,,,^,^,,62.0,,,29.7,,123.2,,,^,^,^,,,^,,,^,,^,,^,,^,^,,^,,^,,,^,,^,^,,^,,^,,^,,^,
Hardee,503.6,425.0,,595.2,,,,40.8,,21.7,,,74.2,,102.5,58.1,,,173.2,,,120.2,,,67.1,207.0,,48.1,,,26.5,,84.0,,,^,^,^,,,^,,,^,,^,,43.8,,22.0,81.0,,40.3,,19.7,,,77.8,,^,^,,^,,^,,^,,^,
Hendry,546.9,478.9,,622.5,,,,69.5,,47.0,,,100.0,,86.5,52.6,,,136.2,,,114.8,,,72.7,175.7,,64.7,,,42.4,,95.4,,,^,^,^,,,30.5,,,16.6,,52.8,,27.7,,14.2,49.6,,^,,^,,,^,,^,^,,^,,^,,^,,^,
Hernando,584.5,557.1,,613.4,,,,73.2,,64.7,,,83.2,,120.0,104.3,,,138.7,,,154.3,,,133.5,178.4,,35.7,,,29.0,,44.0,,,19.0,14.7,25.0,,,20.0,,,15.4,,26.3,,28.5,,22.6,36.1,,39.4,,32.1,,,48.7,,15.3,9.3,,25.1,,10.3,,5.2,,19.6,
Highlands,442.7,408.9,,479.8,,,,47.3,,38.1,,,59.8,,71.1,55.8,,,93.1,,,140.4,,,111.5,176.9,,28.7,,,21.3,,39.7,,,20.0,15.1,28.4,,,12.1,,,7.4,,20.7,,23.9,,15.9,35.9,,34.5,,23.7,,,50.7,,16.2,8.9,,31.9,,^,,^,,^,
Hillsborough,511.6,501.0,,522.3,,,,55.0,,51.6,,,58.5,,134.7,127.1,,,142.8,,,137.9,,,130.3,145.9,,42.3,,,39.3,,45.6,,,18.0,16.1,20.1,,,19.0,,,17.1,,21.2,,21.4,,19.3,23.7,,35.3,,32.2,,,38.6,,10.0,8.0,,12.4,,9.8,,7.7,,12.2,
Holmes,376.6,305.6,,463.0,,,,69.3,,42.0,,,113.4,,92.5,48.7,,,170.1,,,^,,,^,^,,^,,,^,,^,,,^,^,^,,,^,,,^,,^,,^,,^,^,,^,,^,,,^,,^,^,,^,,^,,^,,^,
Indian River,566.3,536.6,,598.0,,,,54.3,,47.1,,,63.4,,112.2,97.1,,,131.1,,,127.3,,,106.5,152.7,,40.0,,,31.9,,50.4,,,21.9,17.2,28.6,,,27.0,,,20.5,,35.7,,30.4,,23.7,39.3,,75.3,,64.0,,,89.4,,13.3,8.0,,23.8,,12.7,,5.9,,25.6,
Jackson,434.7,386.3,,489.2,,,,55.9,,39.8,,,78.7,,67.2,43.3,,,104.3,,,112.3,,,74.8,165.7,,44.3,,,30.0,,65.3,,,22.3,12.9,38.6,,,27.2,,,16.7,,44.6,,21.9,,11.6,39.7,,^,,^,,,^,,^,^,,^,,^,,^,,^,
Jefferson,540.0,448.3,,653.4,,,,78.9,,49.0,,,133.7,,108.9,59.2,,,215.0,,,150.4,,,77.5,283.3,,51.8,,,25.8,,105.2,,,^,^,^,,,^,,,^,,^,,^,,^,^,,^,,^,,,^,,^,^,,^,,^,,^,,^,
Lafayette,337.1,236.7,,481.8,,,,^,,^,,,^,,^,^,,,^,,,^,,,^,^,,^,,,^,,^,,,^,^,^,,,^,,,^,,^,,^,,^,^,,^,,^,,,^,,^,^,,^,,^,,^,,^,
Lake,519.2,500.7,,538.3,,,,53.0,,47.8,,,58.9,,116.6,105.4,,,129.2,,,139.2,,,125.2,154.6,,36.6,,,31.7,,42.3,,,18.8,15.8,22.5,,,21.0,,,17.2,,25.6,,23.7,,20.0,28.1,,39.7,,34.1,,,46.5,,13.4,9.1,,19.4,,6.8,,3.8,,11.7,
Lee,452.1,439.9,,464.6,,,,43.5,,40.3,,,47.0,,96.1,89.1,,,103.8,,,126.7,,,117.1,137.1,,31.9,,,28.6,,35.7,,,18.0,16.1,20.4,,,18.6,,,16.2,,21.3,,22.4,,19.7,25.5,,42.6,,38.8,,,46.9,,8.7,6.3,,11.9,,12.3,,8.8,,16.9,
Leon,523.6,498.3,,550.1,,,,59.0,,51.0,,,68.1,,179.3,158.4,,,202.7,,,159.4,,,140.1,180.9,,32.3,,,26.2,,39.7,,,15.5,11.5,20.7,,,15.9,,,11.8,,21.3,,24.6,,19.2,31.2,,23.3,,17.3,,,31.6,,18.7,12.5,,27.5,,11.8,,6.5,,20.0,
Levy,494.4,441.8,,553.8,,,,96.2,,75.7,,,123.5,,114.6,84.7,,,159.1,,,120.4,,,84.1,171.9,,29.8,,,18.7,,48.7,,,12.9,6.4,27.9,,,26.2,,,15.4,,45.1,,16.8,,8.7,33.3,,32.8,,18.8,,,56.9,,^,^,,^,,^,,^,,^,
Liberty,476.4,351.3,,644.9,,,,^,,^,,,^,,^,^,,,^,,,^,,,^,^,,^,,,^,,^,,,^,^,^,,,^,,,^,,^,,^,,^,^,,^,,^,,,^,,^,^,,^,,^,,^,,^,
Madison,563.2,473.9,,669.7,,,,55.0,,32.1,,,97.5,,184.0,116.2,,,289.6,,,159.8,,,95.8,265.6,,65.7,,,36.1,,116.3,,,^,^,^,,,^,,,^,,^,,32.0,,14.8,70.4,,^,,^,,,^,,^,^,,^,,^,,^,,^,
Manatee,477.3,460.2,,495.1,,,,47.5,,42.9,,,52.7,,109.1,99.0,,,120.6,,,137.4,,,123.6,152.7,,33.0,,,28.3,,38.5,,,17.2,14.6,20.6,,,18.4,,,15.2,,22.3,,24.7,,21.0,29.2,,36.1,,31.4,,,41.6,,12.4,8.5,,18.0,,7.0,,4.2,,11.5,
Marion,525.4,506.6,,545.0,,,,62.2,,56.5,,,68.7,,116.6,105.6,,,129.0,,,130.3,,,116.7,145.4,,35.7,,,30.8,,41.5,,,17.2,14.3,20.8,,,20.3,,,16.6,,24.7,,25.5,,21.3,30.5,,40.7,,35.3,,,47.1,,14.1,9.7,,20.4,,15.9,,10.3,,23.5,
Martin,494.1,465.6,,524.6,,,,48.0,,41.2,,,56.8,,98.2,84.1,,,116.0,,,132.8,,,110.5,160.0,,32.0,,,24.9,,41.4,,,17.4,13.6,23.4,,,17.1,,,12.4,,24.0,,29.0,,22.2,38.1,,58.6,,48.2,,,71.6,,9.5,4.1,,21.1,,12.1,,4.9,,25.8,
Miami-Dade,408.9,402.2,,415.8,,,,40.6,,38.5,,,42.7,,108.0,103.0,,,113.1,,,111.0,,,106.1,116.1,,36.4,,,34.5,,38.5,,,13.3,12.1,14.5,,,13.9,,,12.7,,15.2,,19.2,,17.7,20.7,,9.3,,8.2,,,10.5,,10.6,9.0,,12.3,,10.5,,8.9,,12.3,
Monroe,432.7,396.8,,472.5,,,,39.6,,30.3,,,52.9,,86.2,67.1,,,113.0,,,150.2,,,119.4,190.2,,40.9,,,30.4,,55.7,,,18.8,12.3,29.8,,,20.2,,,13.6,,31.4,,15.0,,9.2,25.5,,26.1,,17.3,,,40.6,,^,^,,^,,^,,^,,^,
Nassau,548.0,509.3,,589.6,,,,51.5,,41.0,,,65.1,,141.8,116.8,,,172.7,,,157.8,,,128.0,194.4,,37.7,,,27.8,,51.0,,,20.6,14.1,30.3,,,23.3,,,15.8,,34.4,,25.9,,18.0,37.1,,41.7,,30.6,,,56.6,,^,^,,^,,^,,^,,^,
Okaloosa,459.8,433.5,,487.5,,,,61.1,,52.1,,,71.5,,94.9,79.0,,,113.6,,,147.3,,,126.1,171.5,,43.1,,,35.1,,52.6,,,21.1,15.8,27.9,,,15.5,,,11.2,,21.4,,15.4,,10.8,21.5,,28.2,,21.4,,,36.9,,14.8,8.8,,24.1,,14.1,,8.0,,23.7,
Okeechobee,588.9,525.9,,659.2,,,,107.6,,83.2,,,139.3,,145.8,106.7,,,198.7,,,128.0,,,85.7,189.4,,54.3,,,35.1,,82.1,,,26.8,15.0,47.1,,,34.5,,,20.7,,56.5,,18.5,,8.9,37.0,,30.6,,17.5,,,53.5,,^,^,,^,,^,,^,,^,
Orange,450.7,440.2,,461.4,,,,41.5,,38.3,,,44.8,,122.1,114.2,,,130.4,,,139.1,,,131.2,147.4,,39.1,,,36.0,,42.3,,,14.8,12.9,16.9,,,14.3,,,12.5,,16.3,,19.8,,17.6,22.2,,29.4,,26.3,,,32.8,,9.6,7.6,,12.0,,8.9,,6.9,,11.3,
Osceola,497.9,477.7,,518.7,,,,43.7,,37.9,,,50.2,,146.5,131.0,,,163.7,,,150.9,,,135.9,167.3,,38.5,,,33.1,,44.6,,,17.1,13.5,21.6,,,15.8,,,12.4,,19.9,,23.5,,19.2,28.4,,22.7,,18.1,,,28.3,,9.3,5.8,,14.3,,13.7,,9.3,,19.6,
Palm Beach,432.3,423.6,,441.2,,,,39.0,,36.6,,,41.5,,98.8,93.2,,,104.7,,,116.3,,,109.6,123.4,,32.3,,,29.8,,34.9,,,17.7,16.2,19.4,,,16.5,,,14.8,,18.3,,21.7,,19.8,23.9,,28.5,,26.0,,,31.2,,10.0,8.1,,12.3,,6.5,,4.8,,8.6,
Pasco,524.8,509.3,,540.8,,,,60.8,,56.0,,,66.0,,107.8,98.5,,,118.0,,,127.3,,,116.4,139.1,,40.9,,,36.6,,45.7,,,18.5,15.9,21.6,,,21.6,,,18.5,,25.1,,27.0,,23.5,30.9,,36.8,,32.5,,,41.7,,10.2,7.2,,14.2,,8.4,,5.5,,12.5,
Pinellas,490.3,478.8,,502.0,,,,59.6,,56.0,,,63.5,,106.2,99.4,,,113.7,,,137.9,,,129.0,147.5,,38.7,,,35.5,,42.3,,,21.5,19.4,23.8,,,22.5,,,20.1,,25.2,,20.1,,17.8,22.7,,30.8,,27.7,,,34.4,,12.0,9.4,,15.4,,8.7,,6.3,,11.9,
Polk,493.9,480.2,,508.0,,,,56.7,,52.4,,,61.4,,106.9,98.3,,,116.2,,,128.4,,,118.4,139.2,,48.5,,,44.1,,53.2,,,17.5,15.1,20.2,,,20.5,,,17.8,,23.6,,21.2,,18.4,24.4,,35.8,,31.8,,,40.2,,9.2,6.6,,12.6,,11.9,,8.7,,16.0,
Putnam,503.6,460.4,,551.1,,,,88.5,,72.5,,,108.9,,114.4,88.9,,,149.0,,,146.6,,,112.3,190.8,,34.4,,,23.4,,50.5,,,12.3,6.6,23.4,,,28.4,,,19.0,,42.8,,15.4,,9.5,26.4,,25.6,,16.0,,,41.7,,^,^,,^,,^,,^,,^,
Santa Rosa,557.0,527.5,,587.9,,,,66.5,,57.0,,,77.5,,146.9,126.0,,,171.0,,,140.7,,,120.5,164.1,,47.0,,,38.7,,57.0,,,26.7,20.7,34.3,,,18.8,,,13.9,,25.3,,25.6,,19.5,33.4,,45.7,,37.1,,,56.1,,10.5,5.5,,19.1,,11.8,,5.9,,21.5,
Sarasota,505.6,488.5,,523.5,,,,44.5,,40.3,,,49.4,,128.7,118.7,,,140.1,,,128.2,,,115.5,142.6,,35.9,,,31.3,,41.5,,,22.4,19.6,26.1,,,16.2,,,13.2,,20.1,,23.3,,19.9,27.5,,37.3,,32.4,,,43.1,,11.9,8.1,,17.8,,11.6,,6.9,,18.8,
Seminole,471.3,454.0,,489.2,,,,50.6,,45.2,,,56.6,,125.4,112.7,,,139.3,,,138.5,,,125.5,152.8,,34.9,,,30.3,,40.2,,,16.3,13.2,19.9,,,18.1,,,14.9,,21.9,,18.2,,14.9,22.1,,33.0,,28.0,,,38.9,,11.7,8.2,,16.6,,12.5,,8.5,,18.0,
St. Johns,486.6,465.8,,508.4,,,,51.2,,44.9,,,58.4,,129.8,115.6,,,146.0,,,160.6,,,143.6,179.8,,31.8,,,26.5,,38.1,,,22.3,18.3,27.5,,,20.9,,,16.8,,26.1,,23.2,,18.9,28.5,,38.3,,32.3,,,45.5,,11.5,7.4,,18.1,,^,,^,,^,
St. Lucie,477.5,458.6,,497.3,,,,56.6,,50.8,,,63.2,,99.9,89.0,,,112.3,,,118.4,,,104.7,133.8,,37.2,,,31.8,,43.3,,,21.8,18.4,26.0,,,22.2,,,18.3,,26.8,,18.7,,15.0,23.3,,36.1,,30.1,,,43.4,,9.8,6.2,,15.2,,10.2,,5.9,,16.8,
Sumter,408.5,379.8,,441.4,,,,41.7,,34.5,,,53.9,,100.0,85.8,,,123.5,,,115.0,,,92.0,148.4,,25.7,,,18.9,,38.0,,,14.9,11.9,24.0,,,19.4,,,12.0,,32.7,,19.0,,12.9,30.7,,26.9,,18.0,,,43.2,,11.7,4.7,,33.3,,^,,^,,^,
Suwannee,492.5,437.9,,553.8,,,,71.6,,53.9,,,96.0,,80.3,52.9,,,121.8,,,135.5,,,94.4,192.4,,48.6,,,32.5,,72.2,,,18.9,10.5,34.9,,,22.3,,,11.0,,42.0,,22.9,,13.3,40.0,,23.8,,11.5,,,46.3,,^,^,,^,,^,,^,,^,
Taylor,523.5,443.2,,618.0,,,,83.7,,55.9,,,126.4,,101.4,59.0,,,173.8,,,197.8,,,125.4,308.7,,54.9,,,32.0,,93.8,,,^,^,^,,,^,,,^,,^,,^,,^,^,,^,,^,,,^,,^,^,,^,,^,,^,,^,
Union,1322.5,1162.5,,1501.6,,,,171.5,,118.8,,,244.0,,436.6,317.9,,,592.0,,,112.1,,,53.4,234.4,,184.0,,,127.0,,261.5,,,^,^,^,,,114.0,,,71.7,,176.9,,^,,^,^,,80.2,,40.6,,,149.2,,^,^,,^,,^,,^,,^,
Volusia,524.6,508.9,,540.8,,,,68.4,,63.4,,,73.8,,116.9,107.6,,,127.3,,,135.0,,,123.3,147.9,,39.0,,,34.6,,43.9,,,19.0,16.4,22.2,,,21.9,,,18.8,,25.5,,21.3,,18.2,25.0,,38.8,,34.5,,,43.9,,11.6,8.2,,16.3,,16.1,,11.3,,22.3,
Wakulla,531.8,464.6,,608.0,,,,65.1,,43.8,,,96.2,,123.6,84.0,,,186.2,,,116.3,,,76.8,175.1,,38.1,,,21.2,,65.6,,,^,^,^,,,28.1,,,15.1,,51.4,,28.6,,15.3,52.0,,^,,^,,,^,,^,^,,^,,^,,^,,^,
Walton,409.2,371.6,,450.6,,,,49.8,,37.9,,,65.6,,107.4,82.2,,,140.0,,,115.3,,,87.2,151.6,,45.4,,,33.1,,61.7,,,17.3,10.4,28.4,,,15.3,,,9.0,,25.8,,14.0,,7.8,24.5,,17.1,,9.5,,,29.8,,^,^,,^,,^,,^,,^,
Washington,394.0,329.9,,469.6,,,,80.5,,54.9,,,118.0,,^,^,,,^,,,84.2,,,45.8,151.7,,48.6,,,27.3,,83.4,,,^,^,^,,,^,,,^,,^,,^,,^,^,,^,,^,,,^,,^,^,,^,,^,,^,,^,